URL,Source,Added By,Duration,Dialect,Speakers,Added At
"https://youtu.be/cNI8tOS-JzI?si=C8oV_9QWehyGyF3M",YouTube,Jakeer,1:56:06,Najdi,2,2026-03-03T11:10:44.202Z
"https://youtu.be/6R3E_jstKEM?si=lXhqhIyO1yNJ_SpD",YouTube,Jakeer,1:47:52,Najdi,2,2026-03-03T11:10:44.070Z
"https://youtu.be/vfr34m_LuzE?si=cES6bIeVnUpchBuz",YouTube,Jakeer,1:53:24,Najdi,2,2026-03-03T11:10:43.954Z
"https://youtu.be/9qloOWNWM38?si=_mJIz_mXqJizbdXY",YouTube,Jakeer,2:02:07,Najdi,2,2026-03-03T11:10:43.790Z
"https://youtu.be/uvFPTcm-k9E?si=fCcE7KirB9P1AH0j",YouTube,Jakeer,1:57:00,Najdi,2,2026-03-03T11:10:43.674Z
"https://youtu.be/bK_G_MXDsY0?si=134OKeXRjOOVLszq",YouTube,Jakeer,1:55:33,Najdi,3,2026-03-03T11:10:43.559Z
"https://youtu.be/zcfLD5_DlO0?si=D1SH5ieOAZWvQEZT",YouTube,Jakeer,2:08:17,Najdi,2,2026-03-03T11:10:43.416Z
"https://youtu.be/7CQ4tMB2boI?si=6V5eAMaheOli5cv9",YouTube,Jakeer,2:04:29,Najdi,2,2026-03-03T11:10:43.326Z
"https://youtu.be/hxut8_uuWho?si=pxQrmatbP3Ij-rjw",YouTube,Jakeer,1:35:33,Najdi,2,2026-03-03T11:10:43.222Z
"https://youtu.be/k8ShjkYGEgw?si=jc5-UvS5vViiHdYQ",YouTube,Jakeer,1:58:48,Najdi,2,2026-03-03T11:10:43.068Z
"https://youtu.be/eXtxZj9iHOs?si=HpncvtUzbWQiV0Vi",YouTube,Jakeer,1:43:32,Najdi,2,2026-03-03T11:10:42.958Z
"https://youtu.be/C37JnEzycKs?si=QECJ3bdHIJrMouRA",YouTube,Jakeer,1:22:57,Najdi,2,2026-03-03T11:10:42.849Z
"https://youtu.be/UtrlaB7WA70?si=X8fdJes-42aLSaq7",YouTube,Jakeer,1:07:29,Najdi,2,2026-03-03T11:10:42.736Z
"https://youtu.be/d-R-yoIPePQ?si=6d5zzA2Ivn5GxtPL",YouTube,Jakeer,1:37:35,Najdi,2,2026-03-03T11:10:42.617Z
"https://youtu.be/px3IFWbJDso?si=SOcWoeid5qxD_TkX",YouTube,Jakeer,1:51:13,Najdi,2,2026-03-03T11:10:42.510Z
"https://youtu.be/k22zz10KjhI?si=tonviFPPigGMi8Jb",YouTube,Jakeer,1:51:46,Najdi,2,2026-03-03T11:10:42.337Z
"https://youtu.be/UA9IMPIyypw?si=RLH1VLsmNprZ6aLE",YouTube,Jakeer,2:10:05,Najdi,3,2026-03-03T11:10:42.219Z
"https://youtu.be/aHp77eSMx00?si=196b4j2YYrCuYBU3",YouTube,Jakeer,1:59:25,Najdi,3,2026-03-03T11:10:42.106Z
"https://youtu.be/OKuA-iK438k?si=FMqh8GE6DQ4o-7We",YouTube,Jakeer,1:47:35,Najdi,2,2026-03-03T11:10:41.993Z
"https://youtu.be/qgUAbhLu1hw?si=Lo7vgO8Q98LjpXVF",YouTube,Jakeer,1:25:28,Najdi,2,2026-03-03T11:10:41.878Z
"https://youtu.be/41MSvLxhEJM?si=ZLwr6OJ_W2PeGZ9i",YouTube,Jakeer,1:12:09,Najdi,2,2026-03-03T11:10:41.769Z
"https://youtu.be/o7T3uyP4V9Q?si=3pAMx_V3W5A6leic",YouTube,Jakeer,2:07:10,Najdi,2,2026-03-03T11:10:41.662Z
"https://youtu.be/B7zOdRbWiNk?si=7OQ6g9DXY0x5l4hl",YouTube,Jakeer,1:31:25,Najdi,2,2026-03-03T11:10:41.553Z
"https://youtu.be/xkydvuRvkMw?si=5UvWmhLSXN9aG9ol",YouTube,Jakeer,2:04:36,Najdi,2,2026-03-03T11:10:41.451Z
"https://youtu.be/McASh5Nz7uc?si=P98wcAIABQ-vQz4K",YouTube,Jakeer,1:22:24,Najdi,2,2026-03-03T11:10:41.357Z
"https://youtu.be/bggBaQNGGVU?si=ev_KqIr6xhm-8FpZ",YouTube,Jakeer,1:37:16,Najdi,2,2026-03-03T11:10:41.245Z
"https://youtu.be/eAEfRmTBrcI?si=-PHVYlE_K37jimzs",YouTube,Jakeer,2:05:31,Najdi,2,2026-03-03T11:10:41.127Z
"https://youtu.be/6uXCCT1aKE0?si=D1su1eFSrozSUtyW",YouTube,Jakeer,1:22:54,Najdi,2,2026-03-03T11:10:40.980Z
"https://youtu.be/hlJAyRqqKbQ?si=Lcaa_4MTszWwIgra",YouTube,Jakeer,2:40:54,Najdi,2,2026-03-03T11:10:40.857Z
"https://youtu.be/tXwKdXOoOuk?si=1u8C2awZg2vdTJFW",YouTube,Jakeer,1:59:56,Najdi,2,2026-03-03T11:10:40.753Z
"https://youtu.be/FKFvnOGf6JI?si=TXOiXdaA4fzKWNtB",YouTube,Jakeer,1:46:44,Najdi,2,2026-03-03T11:10:40.611Z
"https://youtu.be/M__-62agTFA?si=jPExcuzn9ohOcBAU",YouTube,Jakeer,2:08:12,Najdi,2,2026-03-03T11:10:40.501Z
"https://youtu.be/pwrOH3JY5wA?si=EDdjqmquV-MG8hSg",YouTube,Jakeer,1:38:18,Najdi,2,2026-03-03T11:10:40.384Z
"https://youtu.be/aLZolXH0S8Q?si=K7QZPyNRWDoeLtOH",YouTube,Jakeer,2:43:57,Najdi,2,2026-03-03T11:10:40.221Z
"https://youtu.be/CGTBrJD32qY?si=YmabrkLNRgRV8Nt-",YouTube,Jakeer,1:02:55,Najdi,2,2026-03-03T11:10:40.112Z
"https://youtu.be/AItaIcVRTOU?si=o_rUHXcsRE3EBbWY",YouTube,Jakeer,1:05:33,Najdi,2,2026-03-03T11:10:40.003Z
"https://youtu.be/bDTNkk7SgL4?si=CFa6BkQFiT7t8JzC",YouTube,Jakeer,1:40:23,Najdi,2,2026-03-03T11:10:39.872Z
"https://youtu.be/mUM-pok8Fho?si=sPbsLghQY2Ok7GwA",YouTube,Jakeer,1:59:58,Najdi,2,2026-03-03T11:10:39.743Z
"https://youtu.be/pXYNSP0-ptc?si=TD2RCzxdiVpDg_PN",YouTube,Jakeer,2:27:20,Najdi,2,2026-03-03T11:10:39.634Z
"https://youtu.be/OMOuz4fmvL0?si=KISws20Qza05T1cQ",YouTube,Jakeer,1:02:09,Najdi,2,2026-03-03T11:10:39.514Z
"https://youtu.be/pRAi708jknA?si=N9ecswB_KJaUp8HT",YouTube,Jakeer,2:43:58,Najdi,2,2026-03-03T11:10:39.408Z
"https://youtu.be/pBHZPJC2oFY?si=-Q0VZOPrFIF6pHCT",YouTube,Jakeer,1:26:42,Najdi,2,2026-03-03T11:10:39.306Z
"https://youtu.be/3TVrqPXtq24?si=q44l997OU2yH5hq6",YouTube,Jakeer,1:47:26,Najdi,2,2026-03-03T11:10:39.190Z
"https://www.youtube.com/watch?v=YAl4PWSihTc",YouTube,Jakeer,1:51:58,Najdi,2,2026-03-03T11:10:39.068Z
"https://www.youtube.com/watch?v=ZdAjA7x-I9E",YouTube,Jakeer,1:57:52,Najdi,2,2026-03-03T11:10:38.955Z
"https://youtu.be/zlMQnRFLEMc?si=OcOa9QWDCdChbE_1",YouTube,Jakeer,1:27:16,Najdi,2,2026-03-03T11:10:38.840Z
"https://youtu.be/K8gZYfkJVfw?si=V9LTexg9ulDOURxv",YouTube,Jakeer,1:35:05,Najdi,2,2026-03-03T11:10:38.734Z
"https://youtu.be/FfuAw0601cE?si=QtZcy4OHn2RXoHOu",YouTube,Jakeer,1:02:21,Najdi,3,2026-03-03T11:10:38.636Z
"https://youtu.be/0BFHcb0oyiM?si=vmpXuk7czPp8nYe4",YouTube,Jakeer,1:59:31,Najdi,3,2026-03-03T11:10:38.450Z
"https://youtu.be/fM6meqsQpX4?si=0Ogwd7_GJwANgkpH",YouTube,Jakeer,2:40:45,Najdi,2,2026-03-03T11:10:38.350Z
"https://youtu.be/hVYE0diIBI4?si=SY0vvju6MKdgtUKI",YouTube,Jakeer,1:13:06,Najdi,2,2026-03-03T11:10:38.258Z
"https://youtu.be/Zb2LmS1TkvI?si=rn0lUJY9BXKikxCf",YouTube,Jakeer,1:49:56,Najdi,2,2026-03-03T11:10:38.122Z
"https://youtu.be/l627VqCmfIA?si=Wpou2aGl-EUjbJf6",YouTube,Jakeer,1:51:54,Najdi,2,2026-03-03T11:10:38.000Z
"https://youtu.be/mNDYNQ80gLY?si=q7pK9VFrWnwxorQU",YouTube,Jakeer,1:42:41,Najdi,2,2026-03-03T11:10:37.897Z
"https://youtu.be/XFTcez1REdU?si=9BTa4EtCWNGuJt0r",YouTube,Jakeer,2:00:30,Najdi,3,2026-03-03T11:10:37.765Z
"https://youtu.be/Gog5sxF235k?si=HozqsBqXFhxx2JDz",YouTube,Jakeer,1:23:41,Najdi,2,2026-03-03T11:10:37.647Z
"https://youtu.be/pJ3z_vWxvUU?si=i-OBO74Jd6n-8bl1",YouTube,Jakeer,1:24:51,Najdi,2,2026-03-03T11:10:37.533Z
"https://youtu.be/Q-mbSwwNQmk?si=pdryXgELIBpVdvp5",YouTube,Jakeer,1:33:52,Najdi,2,2026-03-03T11:10:37.418Z
"https://youtu.be/7kaJEcMiRow?si=T6TAPoLbQsLea0oc",YouTube,Jakeer,1:03:46,Najdi,2,2026-03-03T11:10:37.303Z
"https://youtu.be/kV6v9Td5ssM?si=z9ykI6F7Pg6Qqmln",YouTube,Jakeer,1:31:24,Najdi,2,2026-03-03T11:10:37.188Z
"https://youtu.be/WMpjfZgkeiQ?si=8JGHdO1z1Z3oyaki",YouTube,Jakeer,1:35:58,Najdi,2,2026-03-03T11:10:37.083Z
"https://youtu.be/86W6oKNk7gI?si=LmNEcHJCXivmfaPD",YouTube,Jakeer,1:00:32,Najdi,2,2026-03-03T11:10:36.952Z
"https://youtu.be/C8A2f0RIIXo?si=wWtuAhhafBHqbs7L",YouTube,Jakeer,2:10:51,Najdi,2,2026-03-03T11:10:36.804Z
"https://youtu.be/85ZnCsQUtqc?si=-z7oto8Kn78Sb4TR",YouTube,Jakeer,1:19:34,Najdi,2,2026-03-03T11:10:36.672Z
"https://youtu.be/nW79Vs7CDww?si=Y7MelCqwR7S86-52",YouTube,Jakeer,1:14:01,Najdi,2,2026-03-03T11:10:36.547Z
"https://youtu.be/scr2tyjsUjE?si=UAb-derhQdleqYlP",YouTube,Jakeer,1:07:23,Najdi,2,2026-03-03T11:10:36.433Z
"https://youtu.be/66HvyE_AzDU?si=UwulIp0moHpgRl0Q",YouTube,Jakeer,1:49:35,Najdi,2,2026-03-03T11:10:36.315Z
"https://youtu.be/AP_p6dbYR9Y?si=wo2qcw97GT26_eje",YouTube,Jakeer,1:37:48,Najdi,2,2026-03-03T11:10:36.166Z
"https://youtu.be/RUCHx68JLks?si=PaA-eWdLOZ68HysT",YouTube,Jakeer,1:33:02,Najdi,2,2026-03-03T11:10:36.057Z
"https://youtu.be/9LEY4pu-96A?si=KVTUfBhBa-bJTNY7",YouTube,Jakeer,1:47:29,Najdi,2,2026-03-03T11:10:35.948Z
"https://youtu.be/jQnk04SaviU?si=vYEtZcWOCPFxRCdE",YouTube,Jakeer,1:11:54,Najdi,2,2026-03-03T11:10:35.835Z
"https://youtu.be/qq4s67dSoVE?si=mLUEfjVriGq-q-o7",YouTube,Jakeer,1:45:36,Najdi,2,2026-03-03T11:10:35.695Z
"https://youtu.be/fyD9KSfiIbY?si=S030-va7yegIHJaP",YouTube,Jakeer,59:43,Najdi,2,2026-03-03T11:10:35.585Z
"https://youtu.be/8SCQnB4A0xU?si=m-b2LbR_De-3xDSV",YouTube,Jakeer,1:50:35,Najdi,2,2026-03-03T11:10:35.464Z
"https://youtu.be/1WT-2JE2xMM?si=TQReTtKzLTMTbcJO",YouTube,Jakeer,1:11:20,Najdi,2,2026-03-03T11:10:35.345Z
"https://youtu.be/nucT5JQV6LU?si=yNhK9aY45Q-B7xiL",YouTube,Jakeer,1:00:40,Najdi,2,2026-03-03T11:10:35.235Z
"https://youtu.be/DA0oZJ8Ly-8?si=tzbJg0PzUrWMlvXM",YouTube,Jakeer,2:05:54,Najdi,2,2026-03-03T11:10:35.125Z
"https://youtu.be/Jwfg4-tVAtw?si=FfFLaK8Mwby2mXpC",YouTube,Jakeer,2:03:19,Najdi,2,2026-03-03T11:10:34.987Z
"https://youtu.be/VNo9nOmaghA?si=q0VsPLtoWqxwjQZF",YouTube,Jakeer,1:39:46,Najdi,2,2026-03-03T11:10:34.888Z
"https://youtu.be/YRvwFSk2sa4?si=uRAa-_y_3bSI0RjA",YouTube,Jakeer,1:53:56,Najdi,2,2026-03-03T11:10:34.782Z
"https://youtu.be/8qDW2yrHHZc?si=OkZilgsOCuMpU9Ly",YouTube,Jakeer,1:08:12,Najdi,2,2026-03-03T11:10:34.660Z
"https://youtu.be/HWS2dgLS9iw?si=NoC-IUeGoEGp7eOn",YouTube,Jakeer,1:09:59,Najdi,2,2026-03-03T11:10:34.549Z
"https://youtu.be/tI00iu6ZBkg?si=9dcydXciSP9wNRN_",YouTube,Jakeer,1:11:22,Najdi,2,2026-03-03T11:10:34.431Z
"https://youtu.be/TVY3TEVwmko?si=DY9BMQ_qjHSXpCvG",YouTube,Jakeer,1:23:28,Najdi,2,2026-03-03T11:10:34.330Z
"https://youtu.be/pBVyaoBwOAI?si=0rsJDhhImOmtxC66",YouTube,Jakeer,2:20:19,Najdi,2,2026-03-03T11:10:34.219Z
"https://youtu.be/qRqdL4OLmsU?si=bvXwdgHs-sra1L-t",YouTube,Jakeer,2:27:47,Najdi,2,2026-03-03T11:10:34.101Z
"https://youtu.be/4LT66LgD4Ec?si=ot_a1a_0pV0N1yQ_",YouTube,Jakeer,57:14,Najdi,2,2026-03-03T11:10:33.991Z
"https://youtu.be/HZKdvcoyzwI?si=J3jJnnst83cb6vXP",YouTube,Jakeer,1:28:55,Najdi,2,2026-03-03T11:10:33.878Z
"https://youtu.be/MICQ0JV7zn4?si=dlGiOHRB8JhzOb0j",YouTube,Jakeer,1:06:51,Najdi,2,2026-03-03T11:10:33.763Z
"https://youtu.be/t6cH9ESxJcw?si=Qa7hjppCuT_frlXi",YouTube,Jakeer,47:35,Najdi,4,2026-03-03T11:10:33.649Z
"https://youtu.be/fAZLCcWF-_o?si=-b-TxbVloJQVA5ty",YouTube,Jakeer,1:40:29,Najdi,2,2026-03-03T11:10:33.536Z
"https://youtu.be/MXiDzEc2Mb4?si=0yLwVk_kEezXb1HN",YouTube,Jakeer,1:13:36,Najdi,2,2026-03-03T11:10:33.440Z
"https://youtu.be/RiRBAPwT3Jc?si=e-tGw2Iq1tYNj5b6",YouTube,Jakeer,1:44:36,Najdi,2,2026-03-03T11:10:33.319Z
"https://youtu.be/UW45r9BGmbA?si=RQrCgGToTBOr0zVJ",YouTube,Jakeer,1:59:43,Najdi,2,2026-03-03T11:10:33.224Z
"https://youtu.be/RC93PFezbFM?si=GnAAXub6QrVofII0",YouTube,Jakeer,2:10:54,Najdi,2,2026-03-03T11:10:33.131Z
"https://youtu.be/Un38hjD6VaU?si=NBG4NhWZTKzwmnYn",YouTube,Jakeer,2:01:48,Najdi,2,2026-03-03T11:10:33.023Z
"https://youtu.be/httrp7K88mk?si=izLdqDV7JOQi6Tb9",YouTube,Jakeer,2:05:24,Najdi,2,2026-03-03T11:10:32.868Z
"https://youtu.be/bkP3z3DXhKw?si=5KmxLH0SeBTkDWvB",YouTube,Jakeer,1:35:43,Najdi,2,2026-03-03T11:10:32.737Z
"https://youtu.be/_PatoDrJ1V8?si=Mj0NIiovommWlCa1",YouTube,Jakeer,1:55:28,Najdi,2,2026-03-03T11:10:32.619Z
"https://youtu.be/C9B3KhnnsvA?si=MnPQ5ezLRgMnHf6f",YouTube,Jakeer,15:51,Najdi,2,2026-03-03T11:10:32.499Z
"https://youtu.be/HegJSPda4S0?si=LtMNUjB248TjZfHx",YouTube,Jakeer,43:09,Najdi,5,2026-03-03T11:10:32.400Z
"https://youtu.be/xXKlzBUsIWo?si=FT4IF9bqxGaqiLy9",YouTube,Jakeer,22:53,Najdi,1,2026-03-03T11:10:32.288Z
"https://youtu.be/14Z-g-_fVGM?si=IlFBa2vy77em1_UR",YouTube,Jakeer,18:19,Najdi,2,2026-03-03T11:10:32.186Z
"https://youtu.be/Vbk5zG285BQ?si=O11DnUQIJKk2n7nD",YouTube,Jakeer,17:52,Najdi,6,2026-03-03T11:10:32.085Z
"https://youtu.be/eTNnEeSBHuU?si=2SIaDU7aJ7Xtt85H",YouTube,Jakeer,17:11,Najdi,2,2026-03-03T11:10:31.950Z
"https://youtu.be/SQG2baKrYwM?si=ASYypsORYTDb8S67",YouTube,Jakeer,1:01:05,Najdi,1,2026-03-03T11:10:31.811Z
"https://youtu.be/v_G9bcxp5OM?si=M-aOlCSUHsXBhtwe",YouTube,Jakeer,24:59,Najdi,8,2026-03-03T11:10:31.668Z
"https://youtu.be/S3J_cyAsErs?si=JhqtWi1HrbFAJe98",YouTube,Afreen,1:08:34,Najdi,2,2026-03-03T11:10:31.539Z
"https://youtu.be/VOLnblSSOhg?si=CaZr2Cein06zSPvy",YouTube,Afreen,2:05:35,Najdi,2,2026-03-03T11:10:31.425Z
"https://youtu.be/DtG7Ngi35wQ?si=HFEazQt0kKokEpix",YouTube,Afreen,2:25:25,Najdi,2,2026-03-03T11:10:31.303Z
"https://youtu.be/NheTqTluJXo?si=YEIK6nTPSh5QY2M1",YouTube,Afreen,1:54:04,Najdi,2,2026-03-03T11:10:31.190Z
"https://youtu.be/8I6FuqOCxws?si=eGy2Occ8qQZszNtS",YouTube,Afreen,2:02:58,Najdi,2,2026-03-03T11:10:31.093Z
"https://youtu.be/pt-LPqHrtiw?si=wNfffMVRS_xJDGn6",YouTube,Afreen,1:16:23,Najdi,2,2026-03-03T11:10:30.958Z
"https://www.youtube.com/watch?v=qvU1PKff_sM",YouTube,Afreen,1:10:38,Najdi,2,2026-03-03T11:10:30.847Z
"https://www.youtube.com/watch?v=GJkXLTehCuc",YouTube,Afreen,52:49,Najdi,2,2026-03-03T11:10:30.721Z
"https://youtu.be/0EmM4eLxybM?si=82orFIilJdiqXR-m",YouTube,Afreen,2:08:24,Najdi,2,2026-03-03T11:10:30.611Z
"https://youtu.be/uJN4rdAn5oU?si=QvdZ3YCc0qn1c6Ar",YouTube,Afreen,2:36:15,Najdi,2,2026-03-03T11:10:30.498Z
"https://youtu.be/wJcfFeAObu8?si=qrfRzAOumBUl4qPN",YouTube,Afreen,2:22:25,Najdi,2,2026-03-03T11:10:30.341Z
"https://youtu.be/7nbpajIyCf8?si=d3KGx7dCD0bjRBvh",YouTube,Afreen,1:28:37,Najdi,2,2026-03-03T11:10:30.218Z
"https://youtu.be/2L3gDBoH9HA?si=kifCq-6L8xF8i-Fy",YouTube,Afreen,1:35:57,Najdi,2,2026-03-03T11:10:30.110Z
"https://youtu.be/pIHf3GeTRsE?si=uxWIviW8R-9jXU3d",YouTube,Afreen,1:26:24,Najdi,2,2026-03-03T11:10:29.928Z
"https://youtu.be/CyNVk8iK3CU?si=-K5LBuwXlkO8cqrx",YouTube,Afreen,1:07:30,Najdi,2,2026-03-03T11:10:29.741Z
"https://youtu.be/M08JJDiTg7c?si=ROYprvbjQWUL3dn9",YouTube,Afreen,2:34:20,Najdi,2,2026-03-03T11:10:29.619Z
"https://youtu.be/yCmwE9pgHK4?si=6pn51pzorpgUTzRy",YouTube,Afreen,37:14,Najdi,2,2026-03-03T11:10:29.507Z
"https://youtu.be/ONN2I6yY5AQ?si=wgOFEyQe0FjBthAa",YouTube,Afreen,2:05:26,Najdi,2,2026-03-03T11:10:29.388Z
"https://youtu.be/cOw-i3cIlLM?si=Vf0pGu6F-VWriIeV",YouTube,Afreen,2:13:56,Najdi,2,2026-03-03T11:10:29.274Z
"https://youtu.be/EMwbzKwVRu4?si=R2enkHQandL8fIky",YouTube,Afreen,1:47:23,Najdi,2,2026-03-03T11:10:29.162Z
"https://youtu.be/XLJso65D7Ys?si=kDQPQ7KapwT5BHAJ",YouTube,Afreen,3:10:56,Najdi,2,2026-03-03T11:10:29.063Z
"https://youtu.be/MqV5IALD5bE?si=ESVKs1a0ZTqjkksL",YouTube,Afreen,1:11:55,Najdi,2,2026-03-03T11:10:28.937Z
"https://youtu.be/Ex7dZuR3EiA?si=lBSXF8uLcRwZKskE",YouTube,Afreen,3:24:09,Najdi,2,2026-03-03T11:10:28.832Z
"https://youtu.be/jyMZPIqlfHQ?si=_4AyhVsHRgCLacJ8",YouTube,Afreen,1:46:44,Najdi,2,2026-03-03T11:10:28.731Z
"https://youtu.be/WT-V1hbcMog?si=tgyXMatiULkb6FSy",YouTube,Afreen,1:52:08,Najdi,2,2026-03-03T11:10:28.635Z
"https://youtu.be/Lmn84WSg1Fk?si=wk7mTpT05-xCvTAz",YouTube,Afreen,1:32:35,Najdi,2,2026-03-03T11:10:28.530Z
"https://youtu.be/pMZ6wKTX2_I?si=GRIZGIgdrFhdUtNW",YouTube,Afreen,1:51:28,Najdi,2,2026-03-03T11:10:28.424Z
"https://youtu.be/cElTHwd2ZlA?si=DQHN7p6keDcf1IC4",YouTube,Afreen,1:35:15,Najdi,2,2026-03-03T11:10:28.303Z
"https://youtu.be/KIMZoJm5TPs?si=PHMAvOER09ybnz4r",YouTube,Afreen,2:42:07,Najdi,2,2026-03-03T11:10:28.188Z
"https://youtu.be/efltJDeEwlw?si=yOR73TaSmZqP__1d",YouTube,Afreen,1:10:02,Najdi,2,2026-03-03T11:10:28.072Z
"https://youtu.be/HlH9NFARWds?si=n-D7eXoQrgXoAhJq",YouTube,Afreen,2:03:27,Najdi,2,2026-03-03T11:10:27.964Z
"https://youtu.be/rdovLEYUg3c?si=b6atpJ8Qj_qiOHhZ",YouTube,Afreen,2:05:07,Najdi,2,2026-03-03T11:10:27.847Z
"https://youtu.be/RV-RGC-EqSg?si=TVHQFISrGid9-ptZ",YouTube,Afreen,1:31:20,Najdi,2,2026-03-03T11:10:27.723Z
"https://youtu.be/DF7pbL4tfYc?si=YEEGdyA7Siv5AK8B",YouTube,Afreen,1:46:59,Najdi,2,2026-03-03T11:10:27.576Z
"https://youtu.be/GCbBv8Nr-0M?si=2o88CASJZ0Tdwhgg",YouTube,Afreen,1:28:12,Najdi,2,2026-03-03T11:10:27.431Z
"https://youtu.be/iGaCJ9UIyKg?si=Ymgfhk6NZIx_Sp9I",YouTube,Afreen,1:34:36,Najdi,2,2026-03-03T11:10:27.280Z
"https://youtu.be/LqHo7ivQ7Gk?si=jFyRM4JLQJu10JlA",YouTube,Afreen,1:18:24,Najdi,2,2026-03-03T11:10:27.147Z
"https://www.youtube.com/watch?v=xi3KKdSqN7M",YouTube,Afreen,1:15:33,Najdi,1,2026-03-03T11:10:27.031Z
"https://youtu.be/y54AJwbBMiA?si=xyYJo-MXSXoXF9_2",YouTube,Afreen,1:48:49,Najdi,2,2026-03-03T11:10:26.914Z
"https://youtu.be/9JstiMJBfrY?si=nrMjSKSz-BSksCB9",YouTube,Afreen,2:03:36,Najdi,2,2026-03-03T11:10:26.808Z
"https://youtu.be/GoGKyB_7n-A?si=-eAftLKVEtaBh8DR",YouTube,Afreen,49:10,Najdi,2,2026-03-03T11:10:26.630Z
"https://www.youtube.com/watch?v=X3Dsz3FcFM8",YouTube,Afreen,1:24:04,Najdi,2,2026-03-03T11:10:26.494Z
"https://youtu.be/hdTdev3GVCw?si=YwNsC58hhtrSvJD_",YouTube,Afreen,1:26:58,Najdi,2,2026-03-03T11:10:26.358Z
"https://www.youtube.com/watch?v=_HeoI-44s8s",YouTube,Afreen,1:52:48,Najdi,2,2026-03-03T11:10:26.212Z
"https://youtu.be/EJ-zOid_RgM?si=62-J9Iv31foo4m2Q",YouTube,Afreen,1:43:52,Najdi,2,2026-03-03T11:10:26.038Z
"https://www.youtube.com/watch?v=1UKDVk0gEpc",YouTube,Afreen,1:22:38,Najdi,2,2026-03-03T11:10:25.873Z
"https://youtu.be/LbJekcnfkDM?si=TSBeTYXX9yMsX5iO",YouTube,Afreen,32:18,Najdi,1,2026-03-03T11:10:25.669Z
"https://www.youtube.com/watch?v=gzZo7YHIdiE",YouTube,Afreen,1:37:27,Najdi,2,2026-03-03T11:10:25.317Z
"https://www.youtube.com/watch?v=iUgiJe25lEg",YouTube,Afreen,1:34:40,Najdi,2,2026-03-03T11:10:24.899Z
"https://www.youtube.com/watch?v=RotdkyLzs_M",YouTube,Afreen,52:38,Najdi,2,2026-03-03T11:10:24.339Z
"https://youtu.be/MWit67qlSyQ?si=h8NVSyAGVrnS95dS",YouTube,Afreen,1:22:06,Najdi,2,2026-03-03T11:10:23.579Z
"https://youtu.be/_EZjdNWPQvs?si=Gq7cqsK4OpemWfgk",YouTube,Afreen,1:24:26,Najdi,2,2026-03-03T11:10:22.937Z
"https://youtu.be/gtUoblGRmmc?si=PGuBxzzAunQestd5",YouTube,Afreen,2:08:37,Najdi,2,2026-03-03T11:10:22.457Z
"https://www.youtube.com/watch?v=-d0A13RHZ-U",YouTube,Afreen,54:46,Najdi,2,2026-03-03T11:10:22.011Z
"https://www.youtube.com/watch?v=_Jv-A9MnBMY",YouTube,Afreen,1:08:14,Najdi,1,2026-03-03T11:10:21.584Z
"https://youtu.be/rblkBtyLNhw?si=yT7owVXxyyudbl3d",YouTube,Afreen,1:43:09,Najdi,2,2026-03-03T11:10:21.113Z
"https://www.youtube.com/watch?v=8AJSqqbP1dU&t=11s",YouTube,Afreen,3:40,Najdi,2,2026-03-03T11:10:20.714Z
"https://youtu.be/tHeFN2Har1E?si=5XI9mVjbvShP4JOV",YouTube,Afreen,1:20:12,Najdi,2,2026-03-03T11:10:20.444Z
"https://youtu.be/k4qp7cGt_fE?si=eiiZmY8WmIWPgK3m",YouTube,Afreen,44:51,Najdi,2,2026-03-03T11:10:20.162Z
"https://youtu.be/Shg8xzFuBFk?si=5BrtFaSQKUzY5h6r",YouTube,Afreen,1:47:09,Najdi,2,2026-03-03T11:10:19.845Z
"https://youtu.be/HMQWrw9Hb0A?si=6NI9tB-0W0Fc7uc7",YouTube,Afreen,1:33:24,Najdi,2,2026-03-03T11:10:19.476Z
"https://youtu.be/CrUd1wuK3Vc?si=LEgj42EGkuRNnkHy",YouTube,Afreen,2:14:51,Najdi,2,2026-03-03T11:10:19.109Z
"https://www.youtube.com/watch?v=CjNAslcg07Q",YouTube,Afreen,24:27,Najdi,2,2026-03-03T11:10:18.683Z
"https://youtu.be/uZTd5Cot2Lg?si=6K9kAzRoLZ5XUiwH",YouTube,Afreen,1:31:24,Najdi,2,2026-03-03T11:10:18.267Z
"https://www.youtube.com/watch?v=w8uWBRe8krs",YouTube,Afreen,1:09:54,Najdi,2,2026-03-03T11:10:17.917Z
"https://www.youtube.com/watch?v=9_HaE9ptJ5U&feature=youtu.be",YouTube,Afreen,1:32:58,Najdi,2,2026-03-03T11:10:17.473Z
"https://www.youtube.com/watch?v=oRZfDIy_nZE",YouTube,Afreen,1:17:21,Najdi,2,2026-03-03T11:10:17.014Z
"https://youtu.be/cmyy22kJRYM?si=J1WnUhzZxxQH9qL8",YouTube,Afreen,1:49:38,Najdi,2,2026-03-03T11:10:16.485Z
"https://youtu.be/O8YPKr6P9x4?si=P0VUxYLL5EDvbtEb",YouTube,Afreen,1:11:00,Najdi,2,2026-03-03T11:10:15.984Z
"https://youtu.be/_E4vtomYwuc?si=dBsILp4OPz7NNrsj",YouTube,Afreen,1:15:09,Najdi,2,2026-03-03T11:10:15.530Z
"https://youtu.be/kRz7ZveVaoc?si=XdDsLAF9iv-l9FNh",YouTube,Afreen,2:16:47,Najdi,2,2026-03-03T11:10:15.062Z
"https://youtu.be/pzIVicJUZbM?si=D7jlvslfOPLMsDgV",YouTube,Afreen,19:46,Najdi,1,2026-03-03T11:10:14.492Z
"https://youtu.be/6tpAVAAn8Lg?si=9aGIg-HAkjJiiU0J",YouTube,Afreen,1:23:36,Najdi,2,2026-03-03T11:10:13.711Z
"https://youtu.be/1FUwwcC08wI?si=X1y3cUEWTiiSQgFB",YouTube,Afreen,1:58:10,Najdi,1,2026-03-03T11:10:13.021Z
"https://youtu.be/oxpH28QAw24?si=u3b0XxcPnzZ-XaRs",YouTube,Afreen,46:45,Najdi,1,2026-03-03T11:10:12.523Z
"https://youtu.be/GsFVxNugXfU?si=yztIUTykvI2-gVu1",YouTube,Afreen,33:22,Najdi,1,2026-03-03T11:10:12.212Z
"https://youtu.be/vlTSadcUTEE?si=TIitISPRE9ABYUlo",YouTube,Afreen,1:53:13,Najdi,1,2026-03-03T11:10:11.694Z
"https://youtu.be/M6BJI3Z28Yk?si=JTYPF6cGVOyAC2Uc",YouTube,Afreen,2:05:07,Najdi,2,2026-03-03T11:10:11.243Z
"https://www.youtube.com/watch?v=PJGSLJb1kCk",YouTube,Afreen,2:06:58,Najdi,2,2026-03-03T11:10:10.949Z
"https://youtu.be/RtWAo00dqfo?si=hqc1GfwAYOptDjb8",YouTube,Afreen,1:45:54,Najdi,2,2026-03-03T11:10:10.547Z
"https://www.youtube.com/watch?v=B6KAgzHDo_w",YouTube,Afreen,30:08,Najdi,1,2026-03-03T11:10:10.011Z
"https://youtu.be/Ecd30uKL_WM?si=xlnVBlQmOCHSnZeB",YouTube,Afreen,1:33:02,Najdi,1,2026-03-03T11:10:09.365Z
"https://www.youtube.com/watch?v=vH7baOE4XY4",YouTube,Afreen,1:09:17,Najdi,2,2026-03-03T11:10:08.993Z
"https://www.youtube.com/watch?v=YopKllz8jxE",YouTube,Afreen,23:58,Najdi,1,2026-03-03T11:10:08.659Z
"https://youtu.be/jdTscR0DDlY?si=H3xWspbgNx1aPOvi",YouTube,Afreen,1:58:14,Najdi,2,2026-03-03T11:10:08.412Z
"https://youtu.be/MfvJMHmwG1k?si=Oi1A7IXPkazVyCN5",YouTube,Afreen,1:16:01,Najdi,2,2026-03-03T11:10:08.030Z
"https://youtu.be/_5E8_JzsKG0?si=nb6tqWy2B72fftPv",YouTube,Afreen,53:14,Najdi,1,2026-03-03T11:10:07.624Z
"https://youtu.be/S_qaIFAxjBc?si=z-BH_y6vd430qxOs",YouTube,Afreen,24:47,Najdi,1,2026-03-03T11:10:06.905Z
"https://youtu.be/cBoVk2tGNtg?si=rIJbq-EZxfcwg9gP",YouTube,Afreen,24:51,Najdi,1,2026-03-03T11:10:06.177Z
"https://youtu.be/dxlTV0WjgkY?si=ACwyTYkTnrxQ-3Qo",YouTube,Afreen,39:21,Najdi,2,2026-03-03T11:10:05.465Z
"https://www.youtube.com/watch?v=mouAvn7_YQU",YouTube,Afreen,1:46:33,Najdi,2,2026-03-03T11:10:04.879Z
"https://www.youtube.com/watch?v=-_tcWdUY_5k",YouTube,Afreen,1:40:19,Najdi,2,2026-03-03T11:10:04.307Z
"https://www.youtube.com/watch?v=VYUZJ7ykmRM",YouTube,Afreen,1:30:59,Najdi,2,2026-03-03T11:10:03.745Z
"https://www.youtube.com/watch?v=iwNLerk3c_s",YouTube,Afreen,1:41:31,Najdi,2,2026-03-03T11:10:03.227Z
"https://www.youtube.com/watch?v=stR45vzq6bM",YouTube,Afreen,1:25:59,Najdi,2,2026-03-03T11:10:02.715Z
"https://www.youtube.com/watch?v=yipkwxePT5U",YouTube,Afreen,1:41:30,Najdi,2,2026-03-03T11:10:02.176Z
"https://www.youtube.com/watch?v=Be3oY9N7OtA",YouTube,Afreen,59:04,Najdi,2,2026-03-03T11:10:01.642Z
"https://www.youtube.com/watch?v=YJ5ggXzCuYQ",YouTube,Afreen,1:41:30,Najdi,2,2026-03-03T11:10:01.065Z
"https://www.youtube.com/watch?v=YBG7KTm_16w",YouTube,Afreen,2:23:52,Najdi,2,2026-03-03T11:10:00.322Z
"https://www.youtube.com/watch?v=Q_ZIo92_ciE",YouTube,Afreen,25:58,Najdi,2,2026-03-03T11:09:59.565Z
"https://www.youtube.com/watch?v=BtOIEQmngYQ",YouTube,Afreen,1:06:29,Najdi,1,2026-03-03T11:09:58.906Z
"https://youtu.be/NtcEy3Gm3_w?si=q58N5fcjg5kgEWZw",YouTube,Afreen,1:10:15,Najdi,2,2026-03-03T11:09:58.366Z
"https://youtu.be/udrcf15LyhI?si=N90giJc8Jf93xVq1",YouTube,Afreen,1:27:48,Najdi,2,2026-03-03T11:09:57.773Z
"https://www.youtube.com/watch?v=NvtkxuhOcpc",YouTube,Afreen,1:56:08,Najdi,2,2026-03-03T11:09:57.181Z
"https://www.youtube.com/watch?v=8k6FuYrGYBw",YouTube,Afreen,3:29:24,Najdi,1,2026-03-03T11:09:56.748Z
"https://www.youtube.com/watch?v=E8KAbCOfpbA",YouTube,Afreen,1:39:10,Najdi,2,2026-03-03T11:09:56.142Z
"https://www.youtube.com/watch?v=3C-yvng81lk",YouTube,Afreen,2:18:29,Najdi,2,2026-03-03T11:09:55.343Z
"https://www.youtube.com/watch?v=U_6JteFM-Kc",YouTube,Afreen,1:47:05,Najdi,2,2026-03-03T11:09:54.668Z
"https://www.youtube.com/watch?v=k8IQcnimtFc",YouTube,Afreen,1:39:10,Najdi,2,2026-03-03T11:09:54.042Z
"https://www.youtube.com/watch?v=4M_DS7wi9Tg",YouTube,Afreen,22:38,Najdi,2,2026-03-03T11:09:53.244Z
"https://www.youtube.com/watch?v=SbPg3rWFmcw",YouTube,Afreen,1:48:24,Najdi,2,2026-03-03T11:09:52.633Z
"https://www.youtube.com/watch?v=JFM69yNij0U",YouTube,Afreen,1:23:32,Najdi,2,2026-03-03T11:09:51.990Z
"https://www.youtube.com/watch?v=J5Sq0ayWNvo",YouTube,Afreen,1:38:01,Najdi,2,2026-03-03T11:09:51.225Z
"https://www.youtube.com/watch?v=ekLbx6MnCVI",YouTube,Afreen,2:04:25,Najdi,2,2026-03-03T11:09:50.686Z
"https://www.youtube.com/watch?v=KcgLw6Zix_c",YouTube,Afreen,2:59:42,Najdi,2,2026-03-03T11:09:50.046Z
"https://www.youtube.com/watch?v=JtGPnt81Q9Y",YouTube,Afreen,23:37,Najdi,1,2026-03-03T11:09:49.496Z
"https://www.youtube.com/watch?v=tbRrebt76tQ",YouTube,Afreen,26:13,Najdi,1,2026-03-03T11:09:48.883Z
"https://www.youtube.com/watch?v=VU5OY7qpmgI",YouTube,Afreen,2:11:12,Najdi,2,2026-03-03T11:09:48.095Z
"https://www.youtube.com/watch?v=g19AzpTD1l0",YouTube,Afreen,24:51,Najdi,1,2026-03-03T11:09:47.374Z
"https://www.youtube.com/watch?v=2eCX1C8dkMY",YouTube,Afreen,4:32:50,Najdi,1,2026-03-03T11:09:46.876Z
"https://www.youtube.com/watch?v=1vV3PkrQhAw",YouTube,Afreen,20:44,Najdi,1,2026-03-03T11:09:46.144Z
"https://www.youtube.com/watch?v=AeYluJrEAU4",YouTube,Afreen,1:33:03,Najdi,2,2026-03-03T11:09:45.460Z
"https://www.youtube.com/watch?v=hThW9jY1zOk",YouTube,Afreen,1:24:48,Najdi,2,2026-03-03T11:09:44.895Z
"https://www.youtube.com/watch?v=c2MZ2cBKT7U",YouTube,Afreen,1:47:56,Najdi,2,2026-03-03T11:09:44.547Z
"https://www.youtube.com/watch?v=fxsRgfvOvco",YouTube,Afreen,2:22:40,Najdi,3,2026-03-03T11:09:44.154Z
"https://www.youtube.com/watch?v=chnV-zWplgw",YouTube,Afreen,3:36,Najdi,1,2026-03-03T11:09:43.699Z
"https://www.youtube.com/watch?v=F4tZdHB6bDM",YouTube,Afreen,1:01:48,Najdi,2,2026-03-03T11:09:43.039Z
"https://www.youtube.com/watch?v=yPuqrU74oMo",YouTube,Afreen,2:14:53,Najdi,2,2026-03-03T11:09:42.507Z
"https://www.youtube.com/watch?v=c3D2nqOv_iQ",YouTube,Afreen,1:28:24,Najdi,2,2026-03-03T11:09:41.960Z
"https://www.youtube.com/watch?v=WkyojP-bzBE",YouTube,Afreen,1:29:08,Najdi,2,2026-03-03T11:09:41.286Z
"https://www.youtube.com/watch?v=aoMWPZYGhQ8",YouTube,Afreen,1:19:55,Najdi,2,2026-03-03T11:09:40.467Z
"https://www.youtube.com/watch?v=QPTwsoa47do",YouTube,Afreen,1:43:14,Najdi,2,2026-03-03T11:09:39.750Z
"https://www.youtube.com/watch?v=6oYxQ9e4ytE",YouTube,Afreen,1:38:07,Najdi,2,2026-03-03T11:09:39.098Z
"https://www.youtube.com/watch?v=YlDDfZ6AjKQ",YouTube,Afreen,1:43:34,Najdi,2,2026-03-03T11:09:38.350Z
"https://www.youtube.com/watch?v=tPfTGc2hqp4",YouTube,Afreen,1:15:45,Najdi,2,2026-03-03T11:09:37.469Z
"https://www.youtube.com/watch?v=gN1FjmGcNn0",YouTube,Afreen,1:11:13,Najdi,2,2026-03-03T11:09:36.739Z
"https://www.youtube.com/watch?v=rE3rgQ7dhIw",YouTube,Afreen,1:20:05,Najdi,2,2026-03-03T11:09:36.305Z
"https://www.youtube.com/watch?v=6dYVP8cRvis",YouTube,Afreen,2:09:30,Najdi,2,2026-03-03T11:09:35.572Z
"https://www.youtube.com/watch?v=DY5TWCGqO1c",YouTube,Afreen,1:51:54,Najdi,2,2026-03-03T11:09:34.888Z
"https://www.youtube.com/watch?v=pCZ0JpCoytc",YouTube,Afreen,1:34:00,Najdi,2,2026-03-03T11:09:34.114Z
"https://www.youtube.com/watch?v=8B1CaueLr54",YouTube,Afreen,1:25:38,Najdi,2,2026-03-03T11:09:33.203Z
"https://www.youtube.com/watch?v=3Yw4ucGbsIY",YouTube,Afreen,2:15:10,Najdi,1,2026-03-03T11:09:32.540Z
"https://www.youtube.com/watch?v=8TmxD0-pRcI",YouTube,Afreen,1:23:19,Najdi,2,2026-03-03T11:09:31.895Z
"https://www.youtube.com/watch?v=csURsVhj5rQ",YouTube,Afreen,1:07:05,Najdi,3,2026-03-03T11:09:31.098Z
"https://www.youtube.com/watch?v=ghEKip-eaws",YouTube,Afreen,59:08,Najdi,2,2026-03-03T11:09:30.319Z
"https://www.youtube.com/watch?v=aGnq5c9p1AM",YouTube,Afreen,1:15:00,Najdi,2,2026-03-03T11:09:29.619Z
"https://www.youtube.com/watch?v=1Jjarf37Iuc",YouTube,Afreen,1:37:20,Najdi,2,2026-03-03T11:09:29.027Z
"https://www.youtube.com/watch?v=-qWGLIkiPiM",YouTube,Afreen,2:57:41,Najdi,1,2026-03-03T11:09:28.296Z
"https://www.youtube.com/watch?v=vHNTBMAsHD4",YouTube,Afreen,1:20:44,Najdi,3,2026-03-03T11:09:27.419Z
"https://www.youtube.com/watch?v=OoF97orfsww",YouTube,Afreen,1:17:04,Najdi,3,2026-03-03T11:09:26.726Z
"https://www.youtube.com/watch?v=3r4AWXwdlN8",YouTube,Afreen,1:10:07,Najdi,2,2026-03-03T11:09:26.106Z
"https://www.youtube.com/watch?v=DkBg_cdKzF0",YouTube,Afreen,1:30:24,Najdi,2,2026-03-03T11:09:25.400Z
"https://www.youtube.com/watch?v=qE83zX_Cg6I",YouTube,Afreen,1:17:27,Najdi,2,2026-03-03T11:09:24.795Z
"https://www.youtube.com/watch?v=FBEGElzDpeg",YouTube,Afreen,9:15:57,Najdi,2,2026-03-03T11:09:24.232Z
"https://www.youtube.com/watch?v=rykr-6TEivI",YouTube,Afreen,18:02,Najdi,1,2026-03-03T11:09:23.541Z
"https://www.youtube.com/watch?v=PF-ozSODgTU",YouTube,Afreen,19:00,Najdi,1,2026-03-03T11:09:22.799Z
"https://www.youtube.com/watch?v=UV1YGO6yNsw",YouTube,Afreen,1:45:33,Najdi,1,2026-03-03T11:09:22.203Z
"https://www.youtube.com/watch?v=UhpsSkq_S-4",YouTube,Afreen,24:08,Najdi,1,2026-03-03T11:09:21.704Z
"https://www.youtube.com/watch?v=cQIfa3AyaP8",YouTube,Afreen,22:38,Najdi,1,2026-03-03T11:09:21.200Z
"https://www.youtube.com/watch?v=3PJfQduICEk",YouTube,Afreen,17:07,Najdi,1,2026-03-03T11:09:20.460Z
"https://www.youtube.com/watch?v=yxD7qkGUp1w",YouTube,Afreen,18:24,Najdi,1,2026-03-03T11:09:19.386Z
"https://www.youtube.com/watch?v=pJzjwWLyvos",YouTube,Afreen,21:35,Najdi,1,2026-03-03T11:09:18.360Z
"https://www.youtube.com/watch?v=rRJbnmf4pio",YouTube,Afreen,21:01,Najdi,1,2026-03-03T11:09:17.315Z
"https://www.youtube.com/watch?v=sTVZRK9TUcM",YouTube,Afreen,18:41,Najdi,1,2026-03-03T11:09:16.514Z
"https://www.youtube.com/watch?v=PKSj70G4rWI",YouTube,Afreen,1:10:25,Najdi,2,2026-03-03T11:09:15.978Z
"https://www.youtube.com/watch?v=yhrTnhidLhM",YouTube,Afreen,8:54,Najdi,1,2026-03-03T11:09:15.580Z
"https://www.youtube.com/watch?v=svWOzOnXgjA",YouTube,Afreen,17:01,Najdi,1,2026-03-03T11:09:15.131Z
"https://www.youtube.com/watch?v=l8hifsYqXJI",YouTube,Afreen,3:32:31,Najdi,1,2026-03-03T11:09:14.575Z
"https://www.youtube.com/watch?v=vgRD4Np6qTs",YouTube,Afreen,7:38,Najdi,1,2026-03-03T11:09:14.010Z
"https://www.youtube.com/watch?v=QMD5YdDB_zk",YouTube,Afreen,14:58,Najdi,1,2026-03-03T11:09:13.512Z
"https://www.youtube.com/watch?v=Wj5dO8WJ6Qs",YouTube,Afreen,1:47:59,Najdi,1,2026-03-03T11:09:12.895Z
"https://www.youtube.com/watch?v=909z8_RDn7c",YouTube,Afreen,15:45,Najdi,1,2026-03-03T11:09:12.212Z
"https://www.youtube.com/watch?v=Ze42GogvlD4",YouTube,Afreen,6:24,Najdi,1,2026-03-03T11:09:11.341Z
"https://www.youtube.com/watch?v=vVyy5ob9SMY",YouTube,Afreen,9:50,Najdi,1,2026-03-03T11:09:10.826Z
"https://www.youtube.com/watch?v=YeTjezxTzms",YouTube,Afreen,15:39,Najdi,1,2026-03-03T11:09:10.327Z
"https://www.youtube.com/watch?v=OLGXw0dLB_A",YouTube,Afreen,7:09,Najdi,1,2026-03-03T11:09:09.805Z
"https://www.youtube.com/watch?v=jIRZBX8zmpU",YouTube,Afreen,19:41,Najdi,1,2026-03-03T11:09:09.330Z
"https://www.youtube.com/watch?v=A0HVX9It2O0",YouTube,Afreen,1:31:16,Najdi,2,2026-03-03T11:09:08.850Z
"https://www.youtube.com/watch?v=gKTVWEH4uGE",YouTube,Afreen,1:02:52,Najdi,1,2026-03-03T11:09:08.240Z
"https://www.youtube.com/watch?v=oppJFLtuNus",YouTube,Afreen,8:15,Najdi,1,2026-03-03T11:09:07.362Z
"https://www.youtube.com/watch?v=nLQo9uTZTGQ",YouTube,Afreen,17:49,Najdi,1,2026-03-03T11:09:06.865Z
"https://www.youtube.com/watch?v=JSx58WIj6aY",YouTube,Afreen,33:39,Najdi,2,2026-03-03T11:09:06.417Z
"https://www.youtube.com/watch?v=M8Dl1Gb9pjs",YouTube,Afreen,18:04,Najdi,2,2026-03-03T11:09:06.046Z
"https://www.youtube.com/watch?v=R8yfc1htENA",YouTube,Afreen,12:19,Najdi,1,2026-03-03T11:09:05.544Z
"https://www.youtube.com/watch?v=O2zSN-DW3Fs",YouTube,Afreen,1:35:49,Najdi,2,2026-03-03T11:09:04.934Z
"https://www.youtube.com/watch?v=38xcfWh6NkI",YouTube,Afreen,27:40,Najdi,1,2026-03-03T11:09:04.289Z
"https://www.youtube.com/watch?v=bhC8GCsmkSg",YouTube,Afreen,53:28,Najdi,2,2026-03-03T11:09:03.500Z
"https://youtu.be/q4vp6osAG_8?si=bB4pnQP54K2q5oAl",YouTube,Afreen,1:35:10,Najdi,1,2026-03-03T11:09:02.900Z
"https://www.youtube.com/watch?v=FnkiHfM4jSc",YouTube,Afreen,1:53:04,Najdi,2,2026-03-03T11:09:02.332Z
"https://www.youtube.com/watch?v=bfCCup5bd-c",YouTube,Afreen,2:51:48,Najdi,2,2026-03-03T11:09:01.718Z
"https://youtu.be/tCEXnX64XAA?si=AkVRc2ItrJlyS52G",YouTube,Afreen,1:25:53,Najdi,2,2026-03-03T11:09:01.133Z
"https://www.youtube.com/watch?v=_ln8AKXh1NI",YouTube,Afreen,1:34:47,Najdi,2,2026-03-03T11:09:00.471Z
"https://www.youtube.com/watch?v=E3Q2HYOgqcA",YouTube,Afreen,2:14:34,Najdi,2,2026-03-03T11:08:59.896Z
"https://www.youtube.com/watch?v=6sX1FMqCydM",YouTube,Afreen,1:16:33,Najdi,2,2026-03-03T11:08:59.423Z
"https://www.youtube.com/watch?v=8jFtYcZMCkk",YouTube,Afreen,1:30:51,Najdi,2,2026-03-03T11:08:59.022Z
"https://www.youtube.com/watch?v=KqT-2NBoLPg",YouTube,Afreen,1:31:09,Najdi,2,2026-03-03T11:08:58.645Z
"https://www.youtube.com/watch?v=TjpKyN4y4Lw",YouTube,Afreen,1:13:34,Najdi,2,2026-03-03T11:08:58.349Z
"http://youtube.com/watch?v=LfOUpys0yfs",YouTube,Afreen,1:36:20,Najdi,2,2026-03-03T11:08:57.984Z
"https://www.youtube.com/watch?v=djOwoSwYYxM",YouTube,Afreen,1:21:01,Najdi,2,2026-03-03T11:08:57.596Z
"https://www.youtube.com/watch?v=dWX1k7XZ7iY",YouTube,Afreen,2:19:25,Najdi,2,2026-03-03T11:08:57.152Z
"https://www.youtube.com/watch?v=o9NgicYm8-I",YouTube,Afreen,1:22:24,Najdi,2,2026-03-03T11:08:56.684Z
"https://www.youtube.com/watch?v=epkBOMyuWTc&t=34s",YouTube,Afreen,1:19:26,Najdi,2,2026-03-03T11:08:56.240Z
"https://www.youtube.com/watch?v=Flr8sr4VMy4",YouTube,Afreen,1:13:54,Najdi,2,2026-03-03T11:08:55.834Z
"https://www.youtube.com/watch?v=OSs8jvcLWeg",YouTube,Afreen,1:43:14,Najdi,2,2026-03-03T11:08:55.437Z
"https://www.youtube.com/watch?v=VV0Qualybqc",YouTube,Afreen,1:36:34,Najdi,2,2026-03-03T11:08:55.057Z
"https://www.youtube.com/watch?v=mVOFY-G6mRg",YouTube,Afreen,2:27:55,Najdi,2,2026-03-03T11:08:54.496Z
"https://www.youtube.com/watch?v=v7ShsGF9NKA",YouTube,Afreen,1:14:08,Najdi,2,2026-03-03T11:08:53.924Z
"https://www.youtube.com/watch?v=HwVwgIBFj_4",YouTube,Afreen,3:13:58,Najdi,2,2026-03-03T11:08:53.407Z
"https://www.youtube.com/watch?v=aHU19xgbFM8",YouTube,Afreen,1:35:31,Najdi,2,2026-03-03T11:08:52.800Z
"https://www.youtube.com/watch?v=YtyRBQriX04",YouTube,Afreen,1:37:21,Najdi,2,2026-03-03T11:08:52.206Z
"https://www.youtube.com/watch?v=JDjL_QAe3JY",YouTube,Afreen,1:29:38,Najdi,2,2026-03-03T11:08:51.814Z
"https://www.youtube.com/watch?v=7FdYuwWGtmU",YouTube,Afreen,2:08:22,Najdi,2,2026-03-03T11:08:51.483Z
"https://www.youtube.com/watch?v=9tYmlNILrs0",YouTube,Afreen,9:42,Najdi,2,2026-03-03T11:08:50.949Z
"https://www.youtube.com/watch?v=nT-E5Fe1vVU",YouTube,Afreen,1:44:37,Najdi,2,2026-03-03T11:08:50.360Z
"https://www.youtube.com/watch?v=AuTcHWzVGZQ",YouTube,Afreen,2:29:09,Najdi,2,2026-03-03T11:08:49.960Z
"https://www.youtube.com/watch?v=3CKGrixtCJU",YouTube,Afreen,1:41:30,Najdi,2,2026-03-03T11:08:49.530Z
"https://youtu.be/CZrdJMG4UoY?si=X3D9bnBlC_FTfSp6",YouTube,Jakeer,2:19:11,Najdi,2,2026-03-03T10:48:46.952Z
"https://youtu.be/YtaJ0pDMeCs?si=B11wjSF_9CO31e8B",YouTube,Afreen,1:07:36,Najdi,2,2026-03-03T10:46:54.616Z
"https://youtu.be/VAZ9sTOsZGY?si=fQTk10iXwnwarr2t",YouTube,Afreen,1:32:50,Najdi,3,2026-03-03T10:43:23.291Z
"https://youtu.be/lTp8hIJKGTo?si=j9TCPgBbIjmMUU6x",YouTube,Jakeer,2:07:26,Najdi,2,2026-03-03T10:38:42.165Z
"https://youtu.be/EqU3yY-rJr8?si=oE2VJoOJ_2enwLV1",YouTube,Afreen,1:33:21,Najdi,2,2026-03-03T10:37:21.401Z
"https://youtu.be/jMbBxjqhZlc?si=aBj93nbLB2l5Rx4v",YouTube,Jakeer,2:34:27,Najdi,2,2026-03-03T10:37:03.515Z
"https://youtu.be/IaQGJwId-yU?si=AipVZqSET0J-qniD",YouTube,Afreen,2:49:03,Najdi,3,2026-03-03T10:34:42.881Z
"https://youtu.be/bfU1lgc1OwE?si=ejt5-q9L0xVstDGV",YouTube,Afreen,1:48:32,Najdi,2,2026-03-03T10:30:30.158Z
"https://youtu.be/k7x9T5-jAxY?si=DFH6Lwc76W2JtLWa",YouTube,Afreen,1:41:04,Najdi,2,2026-03-03T10:25:46.788Z
"https://youtu.be/Mc_H_h1VSkU?si=Je3DwHRmYyzIM0UL",YouTube,Sami,2:10:42,Najdi,2,2026-03-03T10:06:03.042Z
"https://youtu.be/9h8ms9LTGT0?si=4MEpWbOLrNS2IRJ4",YouTube,Jakeer,2:15:40,Najdi,2,2026-03-03T10:04:22.625Z
"https://youtu.be/BHsJJHVZMss?si=VPD3cS6RwEwilAzD",YouTube,Sami,1:16:09,Najdi,2,2026-03-03T10:02:31.286Z
"https://youtu.be/2YKLjKutQBg?si=-UghUzVX2MAriEC1",YouTube,Jakeer,1:08:40,Najdi,2,2026-03-03T10:01:55.520Z
"https://youtu.be/Zy_vOjKjcWA?si=y031GUUnr3-zGMBU",YouTube,Sami,1:39:42,Najdi,2,2026-03-03T09:59:34.363Z
"https://youtu.be/oIZ5K7zavXA?si=I7MKs_-L58GHrLCt",YouTube,Sami,1:55:44,Najdi,2,2026-03-03T09:55:03.664Z
"https://youtu.be/t7IrlGQ3aPM?si=5tWx_WokyBAOvg6G",YouTube,Sami,2:21:58,Najdi,2,2026-03-03T09:54:19.440Z
"https://youtu.be/Tz1A9tHmloQ?si=UkJXRLWDg-BX0kxY",YouTube,Jakeer,1:41:43,Najdi,2,2026-03-03T09:53:26.333Z
"https://youtu.be/YI5PVi26Ixg?si=OTCk0-X03kYN-p3i",YouTube,Sami,1:19:42,Najdi,2,2026-03-03T09:53:16.868Z
"https://youtu.be/JE9kzcM-1ss?si=9IzkkWTw6DeuIBWN",YouTube,Sami,1:16:37,Najdi,2,2026-03-03T09:52:26.799Z
"https://youtu.be/5GRMhsKyN8M?si=RWR1FYk76rov7gTC",YouTube,Sami,1:47:53,Najdi,2,2026-03-03T09:50:37.029Z
"https://youtu.be/61yGGOBcPF8?si=UzW8vl3KGeWrozEl",YouTube,Sami,1:57:43,Najdi,2,2026-03-03T09:50:00.480Z
"https://youtu.be/stk8f2SAyNk?si=CrVGMoIFEIrVMOHq",YouTube,Sami,1:52:52,Najdi,2,2026-03-03T09:49:22.993Z
"https://youtu.be/PbtEJHjF2Zg?si=8iTd1h2WFxvcy7Hj",YouTube,Sami,2:52:00,Najdi,2,2026-03-03T09:48:44.386Z
"https://youtu.be/l4bGxrGVhks?si=E5YBIOom7cpvfTC5",YouTube,Sami,1:13:55,Najdi,2,2026-03-03T09:48:07.167Z
"https://youtu.be/Q8U7l3YLeSM?si=2BwtLGRPeXOHUEdy",YouTube,Sami,1:51:26,Najdi,2,2026-03-03T09:47:31.699Z
"https://youtu.be/mwnCB4fKgoc?si=nknqIvUOfydtNKc2",YouTube,Sami,1:35:35,Najdi,2,2026-03-03T09:46:49.975Z
"https://youtu.be/PNtVO7ilABo?si=FBl_D0gRuzFQ1W_z",YouTube,Sami,2:12:45,Najdi,2,2026-03-03T09:45:31.198Z
"https://youtu.be/f0kqwqOjkEc?si=InWORi5GJkJvnduF",YouTube,Sami,1:35:26,Najdi,2,2026-03-03T09:44:36.923Z
"https://youtu.be/lab6qcO_JPA?si=ZQ4Ed9DTonkxsD-4",YouTube,Sami,2:32:00,Najdi,2,2026-03-03T09:44:01.154Z
"https://youtu.be/YHAdyR9pguE?si=k86PQfmq1G3R_ZKX",YouTube,Sami,1:35:53,Najdi,2,2026-03-03T09:42:08.221Z
"https://youtu.be/Ug7azOx4HiM?si=RGlxrJDRKlL6p9i-",YouTube,Jakeer,1:29:30,Najdi,2,2026-03-03T09:38:23.711Z
"https://youtu.be/VqBXyeIUIlw?si=E7mJXW-IT6pwD2cd",YouTube,Sami,31:57,Najdi,2,2026-03-03T09:37:44.863Z
"https://youtu.be/9u2WPgxpKnU?si=60SPOP067RiSb9Ex",YouTube,Jakeer,1:31:01,Najdi,2,2026-03-03T09:36:58.032Z
"https://youtu.be/VAhNQX-r_J4?si=poFDTweTGq-lpQkw",YouTube,Sami,1:10:06,Najdi,2,2026-03-03T09:36:38.795Z
"https://youtu.be/6dcsYMyMC-s?si=Tws03Uq_sxaDop2I",YouTube,Jakeer,2:38:24,Najdi,2,2026-03-03T09:34:26.870Z
"https://youtu.be/6t6b15DCGT0?si=BQgXSMS_ova22J4o",YouTube,Jakeer,2:38:31,Najdi,2,2026-03-03T09:30:19.778Z
"https://youtu.be/Gfs4y38SVpw?si=knfj35Q_bGDZq1A9",YouTube,Jakeer,2:06:45,Najdi,2,2026-03-03T09:29:06.100Z
"https://youtu.be/sqv44Msl6rg?si=VceA0HUgWKmCO-m9",YouTube,Jakeer,3:10:34,Najdi,4,2026-03-03T09:27:32.221Z
"https://youtu.be/JCabA2SFBu8?si=FIwy_3SAMMjQuFnW",YouTube,Jakeer,1:57:13,Najdi,2,2026-03-03T09:25:47.840Z
"https://youtu.be/cpVPcge1XvE?si=mSl6pYtg83UkKmQH",YouTube,Jakeer,1:57:03,Najdi,2,2026-03-03T09:24:48.707Z
"https://youtu.be/NKk4bYvQl-k?si=Dg4rtFjoZthQWWIx",YouTube,Jakeer,2:23:53,Najdi,2,2026-03-03T09:23:38.068Z
"https://youtu.be/4QJM0i87RBE?si=LiRAVF7W0z12e_Ql",YouTube,Jakeer,1:41:59,Najdi,2,2026-03-03T09:20:58.442Z
"https://youtu.be/yXWsk0CoTPM?si=Lfpl3E81TP1eP5Wu",YouTube,Jakeer,2:18:00,Najdi,2,2026-03-03T09:18:30.380Z
"https://youtu.be/6TdMQk_mX9k?si=GLF8EjHFDgeHNGSc",YouTube,Sami,2:22:38,Najdi,2,2026-03-03T09:17:16.125Z
"https://youtu.be/uAGhrtBIqzU?si=NNq9vGFpdYKAHVDT",YouTube,Jakeer,2:17:10,Najdi,2,2026-03-03T09:16:08.516Z
"https://youtu.be/UYPizlq0VIc?si=_KJCGGQ-bj5kAw-A",YouTube,Sami,1:57:43,Najdi,2,2026-03-03T09:14:07.958Z
"https://youtu.be/j2wDws36xsU?si=J45uydhxN35YvBGj",YouTube,Jakeer,1:26:31,Najdi,3,2026-03-03T09:13:32.320Z
"https://youtu.be/2CSL0mTFA9E?si=V0d9JsMZwEPdeR9X",YouTube,Sami,2:11:13,Najdi,2,2026-03-03T09:13:00.954Z
"https://youtu.be/dkrMNDbA1DU?si=-TL4jDe8ib3vdndI",YouTube,Jakeer,2:09:05,Najdi,2,2026-03-03T09:12:06.570Z
"https://youtu.be/mEJHmI_wv-g?si=ShpRZYCIxG7rWPo3",YouTube,Sami,2:10:48,Najdi,2,2026-03-03T09:11:25.809Z
"https://youtu.be/UuyWk5F5uVg?si=fhllTr-JUYZv-ldv",YouTube,Sami,2:45:37,Najdi,2,2026-03-03T09:10:21.773Z
"https://youtu.be/5FADILXqGKg?si=ztMDVJnHjJxCz5la",YouTube,Jakeer,2:52:10,Najdi,2,2026-03-03T09:08:22.757Z
"https://youtu.be/ejB6PKHZnVI?si=0VkVbIqrZslINXir",YouTube,Sami,1:38:48,Najdi,2,2026-03-03T09:07:34.709Z
"https://youtu.be/IDbMd2cVA8I?si=QPshS_Iw0IcbK3V_",YouTube,Jakeer,1:49:19,Najdi,2,2026-03-03T08:58:23.626Z
"https://youtu.be/q_k-T5P1qXI?si=oDr8tQmfNJ1pewTC",YouTube,Afreen,1:24:11,Najdi,2,2026-03-03T08:53:21.277Z
"https://youtu.be/omvCXc_CldE?si=k5TczuqlOfeh4-4x",YouTube,Afreen,3:17:33,Najdi,2,2026-03-03T08:50:32.945Z
"https://youtu.be/R8-oCKFWOZ8?si=oErZ3x8QDNcl8Kht",YouTube,Afreen,1:32:33,Najdi,2,2026-03-03T08:48:48.421Z
"https://youtu.be/M6to1OaZM4s?si=39bNGxQxDMGPgbTf",YouTube,Afreen,1:47:24,Najdi,2,2026-03-03T08:46:57.618Z
"https://youtu.be/HzeefIXY7HA?si=QwEhNhqndcav7LZ1",YouTube,Afreen,2:43:33,Najdi,2,2026-03-03T08:03:46.168Z
"https://youtu.be/1WPHI7mamrk?si=BfqJTrNV6mhmxhjf",YouTube,Jakeer,1:31:16,Najdi,2,2026-03-03T08:01:42.515Z
"https://youtu.be/dN95DDLPuSo?si=xxv3lVGuPl5YTfUV",YouTube,Afreen,2:35:03,Najdi,2,2026-03-03T07:59:50.492Z
"https://youtu.be/AdKDNrXwW50?si=0jTRBEJGzpJUt9IO",YouTube,Jakeer,2:55:51,Najdi,2,2026-03-03T07:58:36.883Z
"https://youtu.be/uuHt4xomAnM?si=dH6mNpTpeY2U892o",YouTube,Afreen,1:27:46,Najdi,2,2026-03-03T07:58:32.829Z
"https://youtu.be/nh8CzRVtTSg?si=KhGja93ThaL2NJJQ",YouTube,Jakeer,2:15:39,Najdi,2,2026-03-03T07:57:43.858Z
"https://youtu.be/KANUoEwbnMc?si=1Oiqa1t57DWKCdMY",YouTube,Jakeer,3:32:49,Najdi,2,2026-03-03T07:57:08.184Z
"https://youtu.be/XH7Qv3siYNM?si=6RaaxSA0zQPVPau1",YouTube,Jakeer,1:29:23,Najdi,2,2026-03-03T07:56:29.722Z
"https://youtu.be/vvGVYc86vGU?si=UyPcQdS2cxrA2To4",YouTube,Afreen,1:40:14,Najdi,2,2026-03-03T07:55:29.698Z
"https://youtu.be/pJ0auP7dbcY?si=uv5HzsOd1rr66kA_",YouTube,Jakeer,3:03:08,Najdi,2,2026-03-03T07:55:25.554Z
"https://youtu.be/4kTR_qGqOJc?si=xlDaD_03FytA0-k9",YouTube,Jakeer,1:26:28,Najdi,2,2026-03-03T07:54:18.873Z
"https://youtu.be/MT8mUsrShEk?si=OehKtyl7Wp4gfzl6",YouTube,Jakeer,2:13:48,Najdi,2,2026-03-03T07:53:36.944Z
"https://youtu.be/8oertD_7C1w?si=P5azWOrS2LGInWM6",YouTube,Afreen,1:47:46,Najdi,2,2026-03-03T07:53:17.163Z
"https://youtu.be/4w5a7aqi0C4?si=VIQ0hJI7ovq-BOPv",YouTube,Jakeer,2:13:30,Najdi,2,2026-03-03T07:52:59.264Z
"https://youtu.be/OetssqWJycg?si=zD3BhdiToh5ezLa-",YouTube,Jakeer,2:54:24,Najdi,2,2026-03-03T07:51:41.264Z
"https://youtu.be/Po2WZAmndTM?si=7-GngHNa832vJps8",YouTube,Afreen,1:36:40,Najdi,2,2026-03-03T07:50:34.175Z